step	gradient_train_rows	gradient_validation_rows	gradient_test_rows	grad_A_nonzero_elements	grad_A_max_abs	grad_B_nonzero_elements	grad_B_max_abs	gradient_norm_before_clip	gradient_norm_after_clip	gradient_clip_applied	gradient_clip_consistency	evaluation_performed	train_average_loss	train_top1_correct	validation_average_loss	validation_top1_correct	validation_acceptance_reached	validation_unique_top1_tokens	validation_dominant_top1_token	validation_dominant_top1_count	validation_dominant_top1_fraction	validation_all_same_top1	validation_correction_rms_mean	validation_correction_rms_max	validation_correction_abs_max	adapter_A_rms	adapter_A_max_abs	adapter_B_rms	adapter_B_max_abs
6	111	0	0	2304	0.359568208456	256000	0.656552970409	2.8329019255487156	0.99999999776425452	yes	yes	yes	10.166161627184	0	9.017991872195	2	no	18	29889	6	0.181818181818	no	0.12301172004740751	0.20075760564997489	0.22196274804448701	0.0073693228656759461	0.014326727949082851	0.0054196513138088783	0.0059959255158901215
7	111	0	0	2304	0.433081686497	256000	0.79977118969	3.5017821213434028	1.0000000002864968	yes	yes	yes	10.051922084872	0	8.980636331523	2	no	18	29889	6	0.181818181818	no	0.17619283457540247	0.28612364058259909	0.31397522845112436	0.0079879700596855174	0.015290046110749245	0.0063595504311040286	0.0070001957938075066
8	111	0	0	2304	0.506281733513	256000	0.944311916828	4.1741905813488156	0.99999999745059731	yes	yes	yes	9.915645526459	0	8.936477519514	2	no	18	29889	6	0.181818181818	no	0.2401798614010833	0.38866546581081224	0.42360993340247188	0.0086670731225767968	0.016262071207165718	0.007316192210668709	0.0080116055905818939
9	111	0	0	2304	0.578393280506	256000	1.08875930309	4.841100954432072	1.0000000016657853	yes	yes	yes	9.757287756626	0	8.885825810803	3	no	19	376	5	0.151515151515	no	0.31525724216010281	0.50884316675986752	0.55122537330508603	0.0093934037974140322	0.017239959910511971	0.0082863044460362197	0.0090331118553876877
10	111	0	0	2304	0.649184286594	256000	1.23152315617	5.4930602254293621	0.99999999982913346	yes	yes	yes	9.577087323852	0	8.829185963434	3	no	19	376	5	0.151515151515	no	0.40166984176394482	0.64704736417955822	0.69712177566154532	0.010156663634566064	0.018237413838505745	0.0092675060774318925	0.010062783025205135
11	111	0	0	2304	0.717560172081	256000	1.37053143978	6.1189683386568747	1.0000000035547156	yes	yes	no	NA	NA	NA	NA	NA	NA	NA	NA	NA	NA	NA	NA	NA	NA	NA	NA	NA
12	111	0	0	2304	0.781679749489	256000	1.50283098221	6.7048578711941245	1.0000000002088787	yes	yes	no	NA	NA	NA	NA	NA	NA	NA	NA	NA	NA	NA	NA	NA	NA	NA	NA	NA
13	111	0	0	2304	0.839678168297	256000	1.6240644455	7.2326829424563366	1.0000000043428434	yes	yes	no	NA	NA	NA	NA	NA	NA	NA	NA	NA	NA	NA	NA	NA	NA	NA	NA	NA
14	111	0	0	2304	0.889091610909	256000	1.72782349586	7.679376693067379	1.0000000005097323	yes	yes	no	NA	NA	NA	NA	NA	NA	NA	NA	NA	NA	NA	NA	NA	NA	NA	NA	NA
15	111	0	0	2304	0.926777005196	256000	1.80495381355	8.0169341295080585	1.0000000004320804	yes	yes	yes	8.386038571046	0	8.494409806108	3	yes	21	376	5	0.151515151515	no	1.0107357156139605	1.6195896126840279	1.7091835288975776	0.014314246844497627	0.02348829060792923	0.014293088371667392	0.015364442020654678
16	111	0	0	2304	0.948967158794	256000	1.84316921234	8.2150759284417472	1.000000001991576	yes	yes	no	NA	NA	NA	NA	NA	NA	NA	NA	NA	NA	NA	NA	NA	NA	NA	NA	NA
17	111	0	0	2304	0.951533973217	256000	1.82751858234	8.2488167432202726	1.000000003633182	yes	yes	no	NA	NA	NA	NA	NA	NA	NA	NA	NA	NA	NA	NA	NA	NA	NA	NA	NA
18	111	0	0	2304	0.930635690689	256000	1.79477512836	8.1133870596474065	0.99999999435300246	yes	yes	no	NA	NA	NA	NA	NA	NA	NA	NA	NA	NA	NA	NA	NA	NA	NA	NA	NA
19	111	0	0	2304	0.883953034878	256000	1.76679217815	7.8473683168586472	1.0000000008561354	yes	yes	no	NA	NA	NA	NA	NA	NA	NA	NA	NA	NA	NA	NA	NA	NA	NA	NA	NA
20	111	0	0	2304	0.81270813942	256000	1.67366504669	7.5579799456628223	1.000000000704272	yes	yes	yes	7.026346899236	4	8.328697455428	4	yes	18	13	7	0.212121212121	no	1.9286536556957479	3.0926737158816904	3.2544609648969249	0.018779108111501949	0.028938721865415573	0.019455142795043609	0.020968958735466003
21	111	0	0	2304	0.726902902126	256000	1.51898670197	7.4138527298652033	0.99999999934463124	yes	yes	no	NA	NA	NA	NA	NA	NA	NA	NA	NA	NA	NA	NA	NA	NA	NA	NA	NA
22	111	0	0	2304	0.738207519054	256000	1.46488904953	7.551654226582361	1.0000000052285412	yes	yes	no	NA	NA	NA	NA	NA	NA	NA	NA	NA	NA	NA	NA	NA	NA	NA	NA	NA
23	111	0	0	2304	0.749838650227	256000	1.97017979622	7.9630695361423305	1.0000000077043856	yes	yes	no	NA	NA	NA	NA	NA	NA	NA	NA	NA	NA	NA	NA	NA	NA	NA	NA	NA
24	111	0	0	2304	0.762658119202	256000	2.42984890938	8.5145747638936076	1.0000000030831644	yes	yes	no	NA	NA	NA	NA	NA	NA	NA	NA	NA	NA	NA	NA	NA	NA	NA	NA	NA
25	111	0	0	2304	0.776392221451	256000	2.81347680092	9.0553748295521945	1.0000000038246899	yes	yes	yes	6.034105245983	10	8.708314509089	4	no	16	13	9	0.272727272727	no	3.0631578575618303	4.9417245238229048	5.3151550256385107	0.023138189580620663	0.034510180354118347	0.02427192134385699	0.026841199025511742
26	111	0	0	2304	0.790174901485	256000	3.10358309746	9.4795479470883741	1.0000000025253259	yes	yes	no	NA	NA	NA	NA	NA	NA	NA	NA	NA	NA	NA	NA	NA	NA	NA	NA	NA
27	111	0	0	2304	0.803121984005	256000	3.29282045364	9.7314585212292801	1.0000000174366406	yes	yes	no	NA	NA	NA	NA	NA	NA	NA	NA	NA	NA	NA	NA	NA	NA	NA	NA	NA
28	111	0	0	2304	0.814614534378	256000	3.38156962395	9.7947505543994513	1.0000000035900889	yes	yes	no	NA	NA	NA	NA	NA	NA	NA	NA	NA	NA	NA	NA	NA	NA	NA	NA	NA
29	111	0	0	2304	0.82434040308	256000	3.37636351585	9.6807993468974338	0.99999999077609913	yes	yes	no	NA	NA	NA	NA	NA	NA	NA	NA	NA	NA	NA	NA	NA	NA	NA	NA	NA
30	111	0	0	2304	0.832188010216	256000	3.28768467903	9.4173261977866307	1.0000000049277695	yes	yes	yes	5.299756669454	11	9.391257674578	4	no	17	13	6	0.181818181818	no	4.1342275606189736	6.7015153252205542	7.5881890521710176	0.026814666236982941	0.040185272693634033	0.027954351640966154	0.032650500535964966
31	111	0	0	2304	0.838064432144	256000	3.12698602676	9.0397800840324471	1.000000004305688	yes	yes	no	NA	NA	NA	NA	NA	NA	NA	NA	NA	NA	NA	NA	NA	NA	NA	NA	NA
32	111	0	0	2304	0.841757059097	256000	2.90460753441	8.5882369669225831	0.99999999262127637	yes	yes	no	NA	NA	NA	NA	NA	NA	NA	NA	NA	NA	NA	NA	NA	NA	NA	NA	NA
33	111	0	0	2304	0.842879712582	256000	2.62961387634	8.1051958692596546	0.99999999484122037	yes	yes	no	NA	NA	NA	NA	NA	NA	NA	NA	NA	NA	NA	NA	NA	NA	NA	NA	NA
34	111	0	0	2304	0.840847671032	256000	2.46767902374	7.6293534176724753	1.0000000051781275	yes	yes	no	NA	NA	NA	NA	NA	NA	NA	NA	NA	NA	NA	NA	NA	NA	NA	NA	NA
35	111	0	0	2304	0.834868907928	256000	2.80989599228	7.1926917102156223	0.99999999853685007	yes	yes	yes	4.781660760434	8	10.185878972709	3	no	18	29918	4	0.121212121212	no	5.0315545808347908	8.1624348767700852	9.7022235594921327	0.029860121537451455	0.045899000018835068	0.030626292733738878	0.038778334856033325
36	111	0	0	2304	0.824247360229	256000	3.13138270378	6.8289033652980731	1.0000000043294468	yes	yes	no	NA	NA	NA	NA	NA	NA	NA	NA	NA	NA	NA	NA	NA	NA	NA	NA	NA
37	111	0	0	2304	0.809260010719	256000	3.42139410973	6.5800254469281114	1.000000010075087	yes	yes	no	NA	NA	NA	NA	NA	NA	NA	NA	NA	NA	NA	NA	NA	NA	NA	NA	NA
38	111	0	0	2304	0.791623294353	256000	3.67368912697	6.4850925330042504	0.99999998736165807	yes	yes	no	NA	NA	NA	NA	NA	NA	NA	NA	NA	NA	NA	NA	NA	NA	NA	NA	NA
39	111	0	0	2304	0.773357748985	256000	3.88562297821	6.5681127337300094	1.0000000139104179	yes	yes	no	NA	NA	NA	NA	NA	NA	NA	NA	NA	NA	NA	NA	NA	NA	NA	NA	NA
40	111	0	0	2304	0.755433082581	256000	4.05683946609	6.8395279379421394	1.0000000118936427	yes	yes	yes	4.424522082040	5	10.908556061102	3	no	18	29918	8	0.242424242424	no	5.7209019954537288	9.208678942320029	11.86457194367145	0.032376711701983203	0.05155157670378685	0.032559619258130994	0.044721037149429321
41	111	0	0	2304	0.737485945225	256000	4.18833827972	7.283618575630042	1.0000000067267329	yes	yes	no	NA	NA	NA	NA	NA	NA	NA	NA	NA	NA	NA	NA	NA	NA	NA	NA	NA
42	111	0	0	2304	0.71808809042	256000	4.2812128067	7.8337646227499382	1.0000000069386361	yes	yes	no	NA	NA	NA	NA	NA	NA	NA	NA	NA	NA	NA	NA	NA	NA	NA	NA	NA
43	111	0	0	2304	0.695072770119	256000	4.33569478989	8.3810605773714144	0.99999998660066536	yes	yes	no	NA	NA	NA	NA	NA	NA	NA	NA	NA	NA	NA	NA	NA	NA	NA	NA	NA
44	111	0	0	2304	0.666265904903	256000	4.3514623642	8.8212707355841378	0.999999990758215	yes	yes	no	NA	NA	NA	NA	NA	NA	NA	NA	NA	NA	NA	NA	NA	NA	NA	NA	NA
45	111	0	0	2304	0.630730748177	256000	4.32908582687	9.0912256290331435	0.99999999106659521	yes	yes	yes	4.148182617478	6	11.418539949160	3	no	17	29918	8	0.242424242424	no	6.1738806064125686	9.7954232010325892	12.819771005460325	0.034349947544035246	0.057058539241552353	0.033908154404909484	0.051408726722002029
46	111	0	0	2304	0.58965075016	256000	4.27112817764	9.1682953200649617	1.0000000001920877	yes	yes	no	NA	NA	NA	NA	NA	NA	NA	NA	NA	NA	NA	NA	NA	NA	NA	NA	NA
47	111	0	0	2304	0.545769453049	256000	4.18127059937	9.0540380831786518	1.0000000020804984	yes	yes	no	NA	NA	NA	NA	NA	NA	NA	NA	NA	NA	NA	NA	NA	NA	NA	NA	NA
48	111	0	0	2304	0.502268254757	256000	4.06222581863	8.7660181396068815	1.000000006303521	yes	yes	no	NA	NA	NA	NA	NA	NA	NA	NA	NA	NA	NA	NA	NA	NA	NA	NA	NA
49	111	0	0	2304	0.486591428518	256000	3.91450166702	8.3336421977527646	1.0000000027892995	yes	yes	no	NA	NA	NA	NA	NA	NA	NA	NA	NA	NA	NA	NA	NA	NA	NA	NA	NA
50	111	0	0	2304	0.468836933374	256000	3.75539708138	7.7884496036266908	0.99999999701139897	yes	yes	yes	3.888226861341	12	11.624778713258	3	no	15	29918	8	0.242424242424	no	6.416697854972611	10.021020767147174	12.794987210175734	0.035838031955890977	0.06177438423037529	0.034818829577615763	0.057640098035335541
