step	train_average_loss	train_top1_correct	validation_average_loss	validation_top1_correct	validation_acceptance_reached	gradient_norm_before_clip	gradient_norm_after_clip	gradient_clip_applied
0	10.439190954456	0	9.106262242666	2	no	NA	NA	NA
1	10.433204289069	0	9.104593837767	2	no	0.381956843381	0.381956843381	no
2	10.414608077711	0	9.099241982414	2	no	0.487589763461	0.487589763461	no
3	10.381506611232	0	9.088682437870	2	no	0.980901975199	0.980901975199	no
4	10.330117020664	0	9.071898003678	2	no	1.55185295055	0.999999997655	yes
5	10.258683447106	0	9.048405144340	2	no	2.17789273703	0.999999995765	yes
6	10.166161627184	0	9.017991872195	2	no	2.83290192555	0.999999997764	yes
7	10.051922084872	0	8.980636331523	2	no	3.50178212134	1.00000000029	yes
8	9.915645526459	0	8.936477519514	2	no	4.17419058135	0.999999997451	yes
9	9.757287756626	0	8.885825810803	3	no	4.84110095443	1.00000000167	yes
10	9.577087323852	0	8.829185963434	3	no	5.49306022543	0.999999999829	yes
